product_id,total_sale,7d_sale,3d_sale,24h_sale,total_view,7d_view,3d_view,24h_view,total_cart,7d_cart,3d_cart,24h_cart,total_wishlist,7d_wish,3d_wish,24h_wish,weighted_sales,weighted_views,weighted_cart,weighted_wish,norm_sales,norm_views,norm_cart,norm_wish,trending_score,is_trending
P002,59,53,24,0.0,1384,1384,811,413.0,685,685,393,179.0,307,307,201,92.0,12.5,572.2,264.6,243.4,0.01946471545870672,0.9999999812523439,0.9999999611499628,0.9999999453551942,0.6077858665349595,True
P016,144,144,70,29.0,769,769,301,111.0,256,256,140,35.0,210,210,90,29.0,52.8,187.0,77.0,138.0,0.9999997566910567,0.2778402647574003,0.2711732606381794,0.42404369267520803,0.587634525100651,True
P019,80,80,40,20.0,1092,1092,511,191.0,453,453,208,74.0,300,300,125,30.0,32.0,319.0,127.6,195.0,0.49391715476468256,0.5253093264846395,0.46775444958218915,0.7355190854907603,0.5356506901122072,True
P014,71,71,26,26.0,1114,1114,394,232.0,600,600,179,112.0,319,319,121,82.0,30.5,296.8,138.8,200.2,0.45742081327960754,0.48368952973960383,0.5112664914037883,0.7639343844844597,0.5193553156169614,True
