product_id,24h_sales,3d_sales,7d_sales,24h_views,3d_views,7d_views,24h_cart,3d_cart,7d_cart,24h_wish,3d_wish,7d_wish,weighted_sales,weighted_views,weighted_cart,weighted_wish,trending_score,norm_sales,norm_views,norm_cart,norm_wish,is_trending
P001,23.0,54,79,190.0,218,233,137.0,148,177,52.0,72,98,37.9,201.2,141.4,60.0,0.7925335158336299,1.0,0.4543239951278928,0.756497948016416,0.4790076335877863,True
P010,7.0,20,96,210.0,636,949,105.0,285,471,69.0,183,291,19.8,380.4,177.0,114.6,0.6932203389830509,0.3864406779661017,1.0,1.0,1.0,True
P005,6.0,38,67,221.0,491,1167,86.0,214,676,72.0,143,391,21.7,329.0,137.20000000000002,100.4,0.6282268834038781,0.4508474576271186,0.8434835566382461,0.7277701778385774,0.8645038167938932,True
P017,22.0,33,113,83.0,432,1145,16.0,142,422,22.0,99,282,34.400000000000006,222.60000000000002,66.4,52.8,0.6233882880752453,0.88135593220339,0.5194884287454326,0.2435020519835842,0.41030534351145037,True
